Manufacturer,Model,Type,Min.Price,Price,Max.Price,MPG.city,MPG.highway,AirBags,DriveTrain,Cylinders,EngineSize,Horsepower,RPM,Rev.per.mile,Man.trans.avail,Fuel.tank.capacity,Passengers,Length,Wheelbase,Width,Turn.circle,Rear.seat.room,Luggage.room,Weight,Origin,Make
Acura,Integra,Small,-0.48522172384384205,-0.3843033886059846,-0.25197040342551935,0.4853055009871278,0.39075361548567294,Driver only,Front,4,-0.8353543595376881,-0.08764642657154466,1.7121465143392425,1.1241425115316748,Yes,-1.086423118770499,-0.07395099728874494,-0.39948721364540657,-0.28945337373050295,-0.3891587696509903,-0.6060876228380919,-0.4540588680606855,0.007868529350550957,-0.711004930671312,non-USA,Acura Integra
Chevrolet,Legend,Midsize,1.42844321361314,1.4769885999706038,1.655211220663396,-0.7662718436638856,-0.7501633580714258,Driver & Passenger,Front,6,0.5152058613392331,1.0824012239923537,0.3747616833961434,-0.0496184466016154,Yes,0.4077507423093317,-0.07395099728874494,0.8398310741409099,1.6076288485586123,0.4280746466160882,-0.29623383812873033,0.7264941888970964,0.3658866148006208,0.7722968156990168,non-USA,Acura Legend
Audi,90,Compact,1.0410141158457755,0.9806440696835139,1.0418462762327896,-0.4086783166207389,-0.5600105291452426,Driver only,Front,6,0.1293315125172553,0.5363789870625345,0.3747616833961434,-0.16593710011031984,Yes,0.06533589914520352,-0.07395099728874494,-0.19293416568102048,-0.28945337373050295,-0.6615699084066831,-0.6060876228380919,0.05189244206407814,0.007868529350550957,0.4513484846130392,non-USA,Audi 90
Audi,100,Midsize,-0.28563703711519983,1.8699280197812176,2.220657028810361,-0.5874750801423122,-0.5600105291452426,Driver & Passenger,Front,6,-0.2565428363047221,0.5363789870625345,0.3747616833961434,0.3733584752482189,Yes,1.372738027590056,0.8874119674649427,0.7021290421646524,0.29426423312768635,-0.11674763089529748,-0.6060876228380919,1.0637950623136054,1.0819227857007605,0.5033941599242788,non-USA,Audi 100
BMW,535i,Midsize,-0.28563703711519983,1.0737086691123432,-0.21842700802697082,-0.0510847895775922,0.20060078655948985,Driver only,Rear,4,0.804611622955716,1.2384075774008736,0.7091078911319182,0.3945073213407106,Yes,1.372738027590056,-1.0353139620424325,0.22017193024775164,0.7320524382713284,-0.11674763089529748,0.013619946580631228,-0.285408431352431,-0.35014955609951887,0.9110852831956557,non-USA,BMW 535i
Buick,Century,Midsize,-0.3325981398748804,-0.40498441070128016,-0.3957278122764426,-0.0510847895775922,0.39075361548567294,Driver only,Front,4,-0.44948001071571053,-0.6726702518534938,-0.1267576282075187,0.43680501352569406,No,-0.09030721138394547,0.8874119674649427,0.42672497821213773,0.14833483141313902,-0.11674763089529748,0.6333275159993543,0.05189244206407814,0.7239047002506905,0.04365736134166231,USA,Buick Century
Buick,LeSabre,Large,0.33659757445056726,0.12238165272875348,-0.21842700802697082,-0.5874750801423122,-0.17970487129287638,Driver only,Front,6,1.094017384572199,0.49737739871040454,-0.7954500436790682,0.0244025147221056,No,-0.05917858927811523,0.8874119674649427,1.1840861540815533,1.023911241700423,1.2453080628831665,0.9431813007087159,0.8951446256053509,1.0819227857007605,0.616159789765298,USA,Buick LeSabre
Buick,Roadmaster,Large,0.6535850180784113,0.42225647311053705,0.3326430592349017,-1.1238653707070323,-0.7501633580714258,Driver only,Rear,6,2.9269205414765924,0.6923853404710543,-2.132834874622167,-2.1962263249895244,No,1.9641818476008217,0.8874119674649427,2.2857024098916123,1.7535582502731597,2.334952617905938,1.8727426548368005,0.8951446256053509,2.5139951275010395,1.7177932505198696,USA,Buick Roadmaster
Buick,Riviera,Midsize,1.0879752186054563,0.6911097603493778,0.4668166408290969,-0.5874750801423122,-0.3698577002190595,Driver only,Front,6,1.094017384572199,0.49737739871040454,-0.7954500436790682,-1.413719019567331,No,0.6567797191559703,-0.07395099728874494,1.0463841221052959,0.586123036556781,-0.11674763089529748,0.6333275159993543,-0.4540588680606855,0.007868529350550957,0.6595311858579976,USA,Buick Riviera
Cadillac,DeVille,Large,1.8745736898301053,1.559712688351786,1.4251993665019183,-1.1238653707070323,-0.7501633580714258,Driver only,Front,8,2.1551718438326373,1.0824012239923537,-1.9656617707542798,0.0244025147221056,No,0.4077507423093317,0.8874119674649427,1.5971922500103255,1.461699446844065,0.9728969241274738,1.2530350854180774,2.412998555979642,1.4399408711508301,0.876388166321496,USA,Cadillac DeVille
Cadillac,Seville,Midsize,2.4028860958765113,2.1181002849247625,2.0385643109325247,-1.1238653707070323,-0.7501633580714258,Driver & Passenger,Front,8,1.8657660822161537,2.9349766707185263,1.2106272027355802,-0.7898280598388254,No,1.0303231844259277,-0.07395099728874494,1.459490218034068,1.023911241700423,1.2453080628831665,1.562888870127439,1.0637950623136054,0.007868529350550957,1.4228677570895119,USA,Cadillac Seville
Chevrolet,Cavalier,Compact,-1.0017938542003282,-0.6428161647971775,-0.29988953970916044,0.4853055009871278,1.3415177601165884,Driver only,Front,4,-0.44948001071571053,-0.08764642657154466,-0.1267576282075187,0.04555136081459732,Yes,-0.46385067665390284,-0.07395099728874494,-0.05523213370476311,-0.4353827754450503,-0.933981047162376,-0.29623383812873033,-0.9600101781854492,-0.35014955609951887,-1.0839989370685292,USA,Chevrolet Cavalier
Chevrolet,Corsica,Compact,-0.6613258591926441,-0.8496263857501318,-0.9611736204234075,0.4853055009871278,0.9612121022642223,Driver only,Front,4,-0.44948001071571053,-0.6726702518534938,-0.1267576282075187,0.6482934744506111,Yes,-0.33933618823058354,-0.07395099728874494,0.08246989827149427,-0.14352397201595565,-0.3891587696509903,0.013619946580631228,-0.6227093047689402,0.007868529350550957,-0.572216463174673,USA,Chevrolet Corsica
Chevrolet,Camaro,Sporty,-0.4265203453942414,-0.4670274769871664,-0.4436469485600837,-0.5874750801423122,-0.17970487129287638,Driver & Passenger,Rear,4,0.7081430357502215,0.3023694569497548,-1.129796251414843,-1.1705072895036763,Yes,-0.05917858927811523,-1.0353139620424325,0.7021290421646524,-0.4353827754450503,1.2453080628831665,1.2530350854180774,-0.9600101781854492,-0.35014955609951887,0.21714294571246098,USA,Chevrolet Camaro
Chevrolet,Lumina,Midsize,-0.4265203453942414,-0.3843033886059846,-0.2903057124524324,-0.22988155309916553,0.010447957633306727,Driver only,Front,4,-0.44948001071571053,-0.08764642657154466,-0.1267576282075187,0.5002515518031692,No,-0.05917858927811523,0.8874119674649427,-0.1240831496928918,0.586123036556781,0.4280746466160882,0.013619946580631228,0.2205428787723327,0.7239047002506905,0.13907443274560158,USA,Chevrolet Lumina
Chevrolet,Lumina_APV,Van,-0.27389676142527974,-0.3429413444153937,-0.32864102147934515,-0.7662718436638856,-1.130469015923792,Driver only,Front,6,1.094017384572199,0.49737739871040454,-0.7954500436790682,-1.413719019567331,No,1.0303231844259277,1.8487749322186302,-0.33063619765727786,0.8779818399858756,1.2453080628831665,1.562888870127439,0.8951446256053509,0.007868529350550957,1.0411994714737547,USA,Chevrolet Lumina_APV
Chevrolet,Astro,Van,-0.27389676142527974,-0.3119198112724505,-0.2711380579389757,-1.3026621342286056,-1.7009275027023412,Driver only,4WD,6,1.5763603205996708,-0.08764642657154466,-2.132834874622167,-1.2022305586424138,No,3.2093267318340137,2.810137896972318,0.7709800581527811,1.023911241700423,2.334952617905938,0.9431813007087159,1.9070472458548784,0.007868529350550957,1.5790047830232308,USA,Chevrolet Astro
Chevrolet,Caprice,Large,0.11353233634208484,-0.08442856822420082,-0.17529978537169358,-0.9450686071854589,-0.5600105291452426,Driver only,Rear,8,2.2516404310381315,0.49737739871040454,-1.7984886668863924,-2.1327797867120495,No,1.9641818476008217,0.8874119674649427,2.148000377915355,1.7535582502731597,2.062541479150245,0.9431813007087159,0.5578437521888419,2.15597704205097,1.3794963609968123,USA,Chevrolet Caprice
Chevrolet,Corvette,Sporty,2.0624181008688276,1.9009495529241605,1.9235583838517858,-0.9450686071854589,-0.7501633580714258,Driver only,Rear,8,2.9269205414765924,3.032480641598851,-0.46110383594329346,-1.9212913257871322,Yes,1.0303231844259277,-2.9580398915498076,-0.26178518166914916,-1.165029784017787,1.2453080628831665,1.2530350854180774,-0.11675799464417642,0.007868529350550957,0.46002276383157914,USA,Chevrolet Corvette
Chevrolet,Concorde,Large,0.16049343910176522,-0.12579061241479192,-0.2903057124524324,-0.4086783166207389,-0.17970487129287638,Driver & Passenger,Front,6,0.6116744485447271,0.16586389771729998,0.04041547566036866,-0.7792536367925795,No,0.4077507423093317,0.8874119674649427,1.3906392020459393,1.3157700451295176,1.2453080628831665,0.013619946580631228,1.0637950623136054,0.3658866148006208,0.6942283027321574,USA,Chrylser Concorde
Chrysler,LeBaron,Compact,-0.2973773128051199,-0.3946438996536323,-0.41489546678989897,0.12771197394398115,-0.17970487129287638,Driver & Passenger,Front,4,0.3222686869282442,-0.06814563239547969,-0.46110383594329346,-0.5677651758676624,No,-0.21482169980726423,0.8874119674649427,0.013618882283365576,0.0024054296985916903,-0.3891587696509903,0.6333275159993543,0.8951446256053509,0.007868529350550957,-0.05175971006227697,USA,Chrysler LeBaron
Chrysler,Imperial,Large,1.4636640406829005,1.0220061138741046,0.7734991130443998,-0.4086783166207389,-0.5600105291452426,Driver only,Front,6,0.6116744485447271,0.048859132660910146,-0.7954500436790682,-1.2128049816886597,No,-0.21482169980726423,0.8874119674649427,1.3906392020459393,0.8779818399858756,-0.11674763089529748,1.562888870127439,2.750299429396151,1.0819227857007605,0.7896453741360967,USA,Chrysler Imperial
Dodge,Colt,Small,-1.072235508339849,-1.0771176287983817,-1.0378442384772333,1.2004925550734211,0.7710592733380391,Driver only,Front,4,-1.1247601211541713,-1.0236845470226634,1.2106272027355802,1.9595219321850974,Yes,-0.05917858927811523,-0.07395099728874494,-0.6060402616097926,-0.8731709805886922,-0.933981047162376,-2.1553565463849,-0.11675799464417642,-1.0661857269996584,-1.4656672226842862,USA,Dodge Colt
Dodge,Shadow,Small,-1.0135341298902483,-0.8599668967977795,-0.6928264572350175,0.12771197394398115,0.010447957633306727,Driver only,Front,4,-0.44948001071571053,-1.0041837528465984,-0.7954500436790682,0.0244025147221056,Yes,-0.8373941419238602,-0.07395099728874494,-0.74374229358605,-1.0191003823032396,-0.6615699084066831,-0.29623383812873033,-0.4540588680606855,0.007868529350550957,-0.7717248852010915,USA,Dodge Shadow
Dodge,Spirit,Compact,-0.6026244807430434,-0.6531566758448252,-0.6449073209513764,-0.0510847895775922,-0.3698577002190595,Driver only,Front,4,-0.16007424909922763,-0.8676781936141436,-0.7954500436790682,0.3733584752482189,Yes,-0.05917858927811523,0.8874119674649427,-0.1240831496928918,0.0024054296985916903,-0.3891587696509903,0.013619946580631228,0.8951446256053509,0.007868529350550957,-0.2512681320886955,USA,Dodge Spirit
Dodge,Caravan,Van,-0.28563703711519983,-0.06374754612890547,0.2847239229512606,-0.9450686071854589,-1.510774673776158,Driver only,4WD,6,0.3222686869282442,-0.04864483821941472,-0.46110383594329346,-0.821551328977563,No,1.0303231844259277,1.8487749322186302,-0.5371892456216639,1.1698406434149704,0.700485785371781,0.9431813007087159,-0.4540588680606855,0.007868529350550957,1.0238509130366749,USA,Dodge Caravan
Dodge,Dynasty,Midsize,-0.26215648573535943,-0.4153249217489278,-0.4819822575869968,-0.22988155309916553,-0.17970487129287638,Driver only,Front,4,-0.16007424909922763,-0.8676781936141436,-0.7954500436790682,0.2253165526007769,No,-0.21482169980726423,0.8874119674649427,0.6332780261765237,0.14833483141313902,-0.11674763089529748,0.9431813007087159,0.8951446256053509,0.7239047002506905,-0.060433989280816905,USA,Dodge Dynasty
Dodge,Stealth,Sporty,0.17223371479168553,0.6394072051111392,1.1185168942866157,-0.22988155309916553,-0.9403161869976088,Driver only,4WD,6,0.3222686869282442,3.032480641598851,1.2106272027355802,-0.5043186375901872,Yes,0.9680659402142684,-1.0353139620424325,-0.19293416568102048,-1.0191003823032396,-0.11674763089529748,0.3234737312899928,-2.646514545267995,-1.0661857269996584,1.1973364974074736,USA,Dodge Stealth
Eagle,Summit,Small,-1.072235508339849,-0.7669022973689502,-0.47239843033026846,1.2004925550734211,0.7710592733380391,Driver only,Front,4,-1.1247601211541713,-1.0236845470226634,1.2106272027355802,0.30991193697074376,Yes,-1.086423118770499,-0.07395099728874494,-0.6060402616097926,-0.8731709805886922,-0.933981047162376,-0.9159414075474535,-0.4540588680606855,-1.0661857269996584,-1.4222958265915866,USA,Eagle Summit
Eagle,Vision,Large,-0.28563703711519983,-0.03272601298596225,-0.0219585492640423,-0.4086783166207389,-0.17970487129287638,Driver & Passenger,Front,6,0.804611622955716,-0.08764642657154466,0.8762809949998055,-0.8004024828850713,No,0.4077507423093317,0.8874119674649427,1.3217881860578107,1.3157700451295176,1.2453080628831665,0.3234737312899928,0.7264941888970964,0.3658866148006208,0.6508569066394577,USA,Eagle Vision
Ford,Festiva,Small,-1.1896382652390503,-1.2632468276560405,-1.296607574408895,1.5580860821165678,0.7710592733380391,Driver only,Front,4,-1.31769729556516,-1.5892075781285475,-0.46110383594329346,1.6740125099364593,Yes,-2.082539026157052,-1.0353139620424325,-2.8781237892180394,-2.040606194305071,-1.7512144634294544,-1.8455027616755382,-0.6227093047689402,-0.7081676415495887,-2.2029809562601805,USA,Ford Festiva
Ford,Escort,Small,-1.0135341298902483,-0.9840530293695522,-0.9132544841397664,0.12771197394398115,0.20060078655948985,Driver only,Front,4,-0.8353543595376881,-0.3411567508603893,2.0464927220750173,0.10899789909207246,Yes,-1.086423118770499,-0.07395099728874494,-0.8125933095741786,-0.8731709805886922,-0.6615699084066831,-0.9159414075474535,0.05189244206407814,-0.7081676415495887,-1.0146047033202097,USA,Ford Escort
Ford,Tempo,Compact,-0.7787286160918455,-0.8599668967977795,-0.8845030023695818,-0.0510847895775922,-0.3698577002190595,Driver only,Front,4,-0.3530114235102165,-0.9456813703184035,-1.7984886668863924,0.9443773197454952,Yes,-0.2459503219130939,-0.07395099728874494,-0.39948721364540657,-0.5813121771595976,-0.3891587696509903,0.013619946580631228,-0.11675799464417642,-0.35014955609951887,0.04365736134166231,USA,Acura Integra
Ford,Mustang,Sporty,-0.7317675133321648,-0.3843033886059846,-0.04112620377749867,-0.0510847895775922,0.010447957633306727,Driver only,Rear,4,-0.3530114235102165,-0.7701742227338187,-1.129796251414843,-0.15536267706407397,Yes,-0.4015934324422429,-1.0353139620424325,-0.19293416568102048,-0.4353827754450503,-0.3891587696509903,0.3234737312899928,-1.2973110516019584,-0.7081676415495887,0.04365736134166231,USA,Ford Mustang
Ford,Probe,Sporty,-0.49696199953376213,-0.5807730985112912,-0.5969881846677353,-0.22988155309916553,0.20060078655948985,Driver only,Front,4,-0.6424171851266994,-0.575166280973169,0.3747616833961434,-0.03904402355536954,Yes,-0.3704648103364132,-1.0353139620424325,-0.26178518166914916,-0.14352397201595565,0.15566350786039534,-0.29623383812873033,-1.6346119250184674,1.4399408711508301,-0.7023306514527721,USA,Ford Probe
Ford,Aerostar,Van,-0.2973773128051199,0.02931705329992382,0.37097836826181474,-1.3026621342286056,-1.7009275027023412,Driver only,4WD,6,0.3222686869282442,0.0098575443087802,-0.7954500436790682,-0.5889140219601541,Yes,1.3416094054842258,1.8487749322186302,-0.4683382296335352,2.191346455416802,0.700485785371781,1.8727426548368005,0.7264941888970964,0.007868529350550957,1.0758965883479146,USA,Ford Aerostar
Ford,Taurus,Midsize,-0.16823428021599846,0.06033858644286704,0.32305923197817366,-0.22988155309916553,0.20060078655948985,Driver only,Front,6,0.3222686869282442,-0.08764642657154466,-0.7954500436790682,-1.0013165207637427,No,-0.05917858927811523,-0.07395099728874494,0.6332780261765237,0.29426423312768635,0.4280746466160882,0.3234737312899928,-0.11675799464417642,1.4399408711508301,0.3646056924276399,USA,Ford Taurus
Ford,Crown_Victoria,Large,0.3600781258304079,0.13272216377640098,0.025960587019598785,-0.7662718436638856,-0.5600105291452426,Driver only,Rear,8,1.8657660822161537,0.887393282231704,-1.7984886668863924,0.0244025147221056,No,1.0303231844259277,0.8874119674649427,2.0102983459390975,1.461699446844065,2.334952617905938,1.2530350854180774,0.7264941888970964,2.5139951275010395,1.4488905947451316,USA,Ford Crown_Victoria
Geo,Metro,Small,-1.2131188166188906,-1.1598417171795632,-1.0953472020176025,4.240037534940168,4.003657365083152,Driver only,Front,3,-1.6071030571816431,-1.7452139315370674,0.7091078911319182,2.9535176985322082,Yes,-1.8957672935220735,-1.0353139620424325,-2.1896136293367525,-1.602817989161429,-1.7512144634294544,-1.5356489769661765,-0.11675799464417642,-1.4242038124497283,-2.463209332816379,non-USA,Geo Metro
Geo,Storm,Sporty,-0.649585583502724,-0.7358807642260069,-0.7599132480321149,1.3792893185949946,1.3415177601165884,Driver only,Front,4,-1.028291533948677,-1.0626861353747934,0.20758857952825605,1.8855009708613766,Yes,-1.335452095617137,-1.0353139620424325,-1.2945504214910795,-1.0191003823032396,-0.11674763089529748,-0.6060876228380919,-1.1286606148937037,-1.0661857269996584,-1.110021774724149,non-USA,Geo Storm
Honda,Prelude,Sporty,-0.0038704205571165147,0.018976542252276324,0.12179885958688096,0.30650873746555446,0.39075361548567294,Driver & Passenger,Front,4,-0.3530114235102165,0.3023694569497548,0.8762809949998055,1.0501215502079537,Yes,-0.05917858927811523,-1.0353139620424325,-0.5371892456216639,-0.5813121771595976,0.15566350786039534,0.013619946580631228,-1.465961488310213,-2.140239983349868,-0.4334279956780341,non-USA,Honda Prelude
Honda,Civic,Small,-1.0135341298902483,-0.7772428084165979,-0.5394852211273659,3.5248504808538748,3.2430460493784197,Driver only,Front,4,-1.1247601211541713,-0.08764642657154466,1.0434540988676928,0.6165702053118736,Yes,-1.4910952061462859,-1.0353139620424325,-0.6748912775979213,-0.07055927115868198,-0.6615699084066831,-0.9159414075474535,0.05189244206407814,-0.7081676415495887,0.04365736134166231,non-USA,Honda Civic
Honda,Accord,Compact,-0.3795592426345608,-0.2188552118436212,-0.0219585492640423,0.30650873746555446,0.39075361548567294,Driver & Passenger,Front,4,-0.44948001071571053,-0.08764642657154466,0.5419347872640308,0.0244025147221056,Yes,0.09646452125103376,-1.0353139620424325,0.15132091425962296,0.44019363484223367,-0.6615699084066831,0.6333275159993543,0.05189244206407814,0.007868529350550957,-0.12982822302913638,non-USA,Honda Accord
Hyundai,Excel,Small,-1.2013785409289703,-1.201203761370154,-1.1720178200714284,1.2004925550734211,0.7710592733380391,Driver only,Front,4,-1.1247601211541713,-1.238193282959378,0.3747616833961434,0.7434632818668239,Yes,-1.4910952061462859,-0.07395099728874494,-1.0191463575385649,-1.4568885874468815,-1.7512144634294544,-1.2257951922568149,-0.6227093047689402,-1.0661857269996584,-1.3355530344061872,non-USA,Hyundai Excel
Hyundai,Elantra,Small,-0.9430924757507274,-0.9943935404171999,-0.9995089294503203,-0.22988155309916553,0.010447957633306727,Driver only,Front,4,-0.8353543595376881,-0.3996591333885842,1.2106272027355802,0.8174842431905449,Yes,-0.9307800082413498,-0.07395099728874494,-0.74374229358605,-0.8731709805886922,-0.933981047162376,-0.9159414075474535,0.05189244206407814,-0.7081676415495887,-0.8584676773864909,non-USA,Hyundai Elantra
Hyundai,Scoupe,Midsize,-0.9313522000608073,-0.9943935404171999,-0.9995089294503203,0.6641022645087011,0.9612121022642223,Driver only,Front,4,-1.1247601211541713,-1.0236845470226634,0.4583482353300871,0.38393289829446475,Yes,-1.4910952061462859,-1.0353139620424325,-1.156848389514822,-1.4568885874468815,-1.4788033246737615,-1.5356489769661765,-1.465961488310213,-1.7822218978997981,-1.4396443850286664,non-USA,Acura Integra
Hyundai,Sonata,Midsize,-0.5439231022934428,-0.5911136095589389,-0.5874043574110069,-0.4086783166207389,-0.3698577002190595,Driver only,Front,4,-0.6424171851266994,-0.32165595668432434,1.2106272027355802,-0.0496184466016154,Yes,0.15872176546269315,-0.07395099728874494,0.08246989827149427,0.0024054296985916903,-0.11674763089529748,0.6333275159993543,1.0637950623136054,0.007868529350550957,-0.39873087880387437,USA,Hyundai Sonata
Infiniti,Q45,Midsize,3.330367875380202,2.9246601466412843,-0.21842700802697082,-0.9450686071854589,-1.3206218448499751,Driver only,Rear,8,1.7692974950106597,2.603463169725422,1.2106272027355802,-0.8532745981163006,No,1.8085387370716728,-0.07395099728874494,1.1840861540815533,1.3157700451295176,0.700485785371781,0.9431813007087159,0.3891933154805873,0.3658866148006208,1.535633386930531,non-USA,Infiniti Q45
Lexus,ES300,Midsize,1.2288585268844978,0.8668984481593889,0.6680770132203893,-0.7662718436638856,-0.9403161869976088,Driver only,Front,6,0.3222686869282442,0.7898893113513791,-0.1267576282075187,-0.07076729269410711,Yes,0.5633938528384808,-0.07395099728874494,0.357873962224009,-0.14352397201595565,0.15566350786039534,0.3234737312899928,-0.11675799464417642,0.007868529350550957,0.6855540235136175,non-USA,Lexus ES300
Chevrolet,SC300,Midsize,2.074158376558748,1.6114152435900246,1.3581125757048211,-0.7662718436638856,-1.130469015923792,Driver & Passenger,Rear,6,0.3222686869282442,1.569921078393978,1.2106272027355802,0.3204863600169896,Yes,-0.05917858927811523,-1.0353139620424325,0.5644270101883951,0.29426423312768635,0.4280746466160882,0.013619946580631228,-0.9600101781854492,-1.7822218978997981,0.6942283027321574,non-USA,Lexus SC300
Lincoln,Continental,Midsize,1.9097945168998653,1.5183506441611947,1.329361093934636,-0.9450686071854589,-0.5600105291452426,Driver & Passenger,Front,6,1.094017384572199,0.3023694569497548,-1.4641424591506178,-1.1070607512262012,No,0.5322652307326505,0.8874119674649427,1.5283412340221967,0.7320524382713284,0.9728969241274738,0.9431813007087159,0.7264941888970964,1.7979589566009,1.006502354599595,USA,Lincoln Continental
Lincoln,Town_Car,Large,2.038937549488987,1.704479843018854,1.5689567753528415,-0.7662718436638856,-0.5600105291452426,Driver & Passenger,Rear,8,1.8657660822161537,1.2774091657530033,-1.129796251414843,-1.0964863281799553,No,1.0303231844259277,-0.07395099728874494,2.4922554578559986,1.899487651987707,2.062541479150245,1.8727426548368005,1.23244549902186,2.8720132129511096,1.6310504583344703,USA,Lincoln Town_Car
Mazda,323,Small,-1.1309368867894496,-1.170182228227211,-1.1816016473281565,1.2004925550734211,1.5316705890427715,Driver only,Front,4,-1.028291533948677,-1.218692488783313,-0.46110383594329346,0.0244025147221056,Yes,-1.086423118770499,-1.0353139620424325,-1.2945504214910795,-1.0191003823032396,-0.933981047162376,-1.5356489769661765,-0.285408431352431,0.7239047002506905,-1.3702501512803469,non-USA,Mazda 323
Mazda,Protege,Small,-0.7200272376422447,-0.8289453636548364,-0.8749191751128534,1.0216957915518479,1.3415177601165884,Driver only,Front,4,-0.8353543595376881,-0.8091758110859487,0.3747616833961434,-0.2928301766652701,Yes,-0.6817510313947112,-0.07395099728874494,-0.74374229358605,-0.8731709805886922,-0.933981047162376,-0.9159414075474535,-0.4540588680606855,-0.35014955609951887,-1.1707417292539284,non-USA,Mazda Protege
Mazda,626,Compact,-0.3208578641849601,-0.3222603223200983,-0.2615542306822477,0.6641022645087011,0.9612121022642223,Driver only,Front,4,-0.16007424909922763,0.3803726336540147,0.5419347872640308,0.30991193697074376,Yes,-0.3704648103364132,-0.07395099728874494,0.08246989827149427,-0.14352397201595565,-0.11674763089529748,0.3234737312899928,0.5578437521888419,0.007868529350550957,-0.2512681320886955,non-USA,Mazda 626
Mazda,MPV,Van,-0.05083152331679689,-0.05340703508125761,0.025960587019598785,-0.7662718436638856,-0.9403161869976088,Driver only,4WD,6,0.3222686869282442,0.20486548606942992,-0.46110383594329346,-0.2505324844802867,No,0.9058086960026089,1.8487749322186302,0.4955759942002664,0.8779818399858756,0.700485785371781,0.013619946580631228,-0.11675799464417642,0.007868529350550957,1.0758965883479146,non-USA,Mazda MPV
Mazda,RX-7,Sporty,1.8158723113805046,1.3322214453035361,1.0610139307462463,-0.9450686071854589,-0.7501633580714258,Driver only,Front,rotary,-1.31769729556516,2.1549449036759274,2.0464927220750173,-0.07076729269410711,Yes,1.0303231844259277,-2.9580398915498076,-0.950295341550436,-1.165029784017787,-0.11674763089529748,0.013619946580631228,-0.11675799464417642,0.007868529350550957,0.04365736134166231,non-USA,Mazda RX-7
Mercedes-Benz,190E,Compact,1.4049626622332998,1.2701783790176497,1.2910257849077234,-0.22988155309916553,0.010447957633306727,Driver only,Rear,4,-0.3530114235102165,-0.2826543683321944,-0.2939307320754061,0.14072116823081005,Yes,-0.6817510313947112,-0.07395099728874494,-0.5371892456216639,0.14833483141313902,-0.6615699084066831,-1.5356489769661765,-0.6227093047689402,-0.7081676415495887,-0.3380109242740948,USA,Mercedes-Benz 190E
Mercedes-Benz,300E,Midsize,3.1425234643414797,4.372331693311964,5.61333187769215,-0.5874750801423122,-0.7501633580714258,Driver & Passenger,Rear,6,0.5152058613392331,1.4139147249854582,0.3747616833961434,-0.2928301766652701,No,0.5633938528384808,-0.07395099728874494,-0.1240831496928918,0.8779818399858756,-0.11674763089529748,-0.6060876228380919,-0.11675799464417642,0.3658866148006208,0.7115768611692372,non-USA,Mercedes-Benz 300E
Mercury,100,Sporty,-0.4382606210841615,-0.5704325874636436,-0.6161558391811917,0.12771197394398115,-0.5600105291452426,Driver only,Front,4,-1.028291533948677,-0.8676781936141436,0.7926944430658618,0.2464653986932686,Yes,-1.7401241829929244,-1.0353139620424325,-1.156848389514822,-1.3109591857323344,-1.2063921859180688,-0.9159414075474535,-2.983815418684504,-2.8562761542500077,-1.1533931708168486,USA,Mercury Capri
Mercury,Cougar,Midsize,-0.25041621004543935,-0.4877084990824618,-0.6257396664379199,-0.5874750801423122,-0.5600105291452426,Driver only,Rear,6,1.094017384572199,-0.08764642657154466,-2.467181082357942,-1.329123635197364,No,0.4077507423093317,-0.07395099728874494,1.1152351380934247,1.3157700451295176,0.9728969241274738,-0.29623383812873033,0.05189244206407814,0.3658866148006208,0.8590396078844161,USA,Mercury Cougar
Mitsubishi,Mirage,Small,-1.0957160597196893,-0.9633720072742566,-0.8174162115724842,1.2004925550734211,-0.17970487129287638,Driver only,Front,4,-1.1247601211541713,-1.0236845470226634,1.2106272027355802,0.30991193697074376,Yes,-1.086423118770499,-0.07395099728874494,-0.74374229358605,-0.8731709805886922,-0.6615699084066831,-0.9159414075474535,-0.6227093047689402,-1.0661857269996584,-1.4222958265915866,non-USA,Mitsubishi Mirage
Mitsubishi,Diamante,Midsize,0.6301044666985707,0.6704287382540824,-0.21842700802697082,-0.7662718436638856,-0.9403161869976088,Driver only,Front,6,0.3222686869282442,1.1214028123444837,1.2106272027355802,-0.31397902275776185,No,0.7190369633676298,-0.07395099728874494,0.4955759942002664,0.44019363484223367,0.15566350786039534,1.2530350854180774,-0.11675799464417642,0.007868529350550957,1.0672223091293747,non-USA,Mitsubishi Diamante
Nissan,Sentra,Small,-0.9783133028204879,-0.8082643415595409,-0.6257396664379199,1.2004925550734211,0.7710592733380391,Driver only,Front,4,-1.028291533948677,-0.6726702518534938,1.2106272027355802,0.16187001432330175,Yes,-1.086423118770499,-0.07395099728874494,-0.8814443255623073,-1.165029784017787,-0.933981047162376,-1.8455027616755382,-0.6227093047689402,0.007868529350550957,0.04365736134166231,non-USA,Nissan Sentra
Nissan,Altima,Compact,-0.47348144815392196,-0.40498441070128016,-0.29988953970916044,0.30650873746555446,0.20060078655948985,Driver only,Front,4,-0.2565428363047221,0.10736151518910507,0.5419347872640308,-0.48316979149769557,Yes,-0.2459503219130939,-0.07395099728874494,-0.1240831496928918,-0.14352397201595565,-0.6615699084066831,0.3234737312899928,0.2205428787723327,0.007868529350550957,-0.11247966459205651,non-USA,Nissan Altima
Nissan,Quest,Van,-0.039091247626877004,-0.05340703508125761,0.0067929325061424186,-0.9450686071854589,-1.130469015923792,Driver only,Front,6,0.3222686869282442,-0.08764642657154466,-0.7954500436790682,-0.6206372910988917,No,1.0303231844259277,1.8487749322186302,0.4955759942002664,1.1698406434149704,1.2453080628831665,0.6333275159993543,-0.285408431352431,0.007868529350550957,1.7091189713013297,non-USA,Nissan Quest
Nissan,Maxima,Midsize,0.46574060703968895,0.1947652300622874,0.054712068789783505,-0.22988155309916553,-0.5600105291452426,Driver only,Front,6,0.3222686869282442,0.3023694569497548,-0.1267576282075187,-0.6629349832838751,Yes,0.5633938528384808,-0.07395099728874494,0.357873962224009,0.0024054296985916903,-0.11674763089529748,0.6333275159993543,0.2205428787723327,0.007868529350550957,0.14774871196414152,non-USA,Nissan Maxima
Oldsmobile,Achieva,Compact,-0.47348144815392196,-0.6324756537495299,-0.7119941117484738,0.30650873746555446,0.39075361548567294,Driver only,Front,4,-0.3530114235102165,0.20486548606942992,1.2106272027355802,0.04555136081459732,No,-0.46385067665390284,-0.07395099728874494,0.357873962224009,-0.14352397201595565,-0.6615699084066831,0.013619946580631228,0.05189244206407814,0.007868529350550957,-0.3553594827111747,USA,Oldsmobile Achieva
Oldsmobile,Cutlass_Ciera,Midsize,-0.3325981398748804,-0.3429413444153937,-0.2903057124524324,0.12771197394398115,0.39075361548567294,Driver only,Front,4,-0.44948001071571053,-0.6726702518534938,-0.1267576282075187,0.43680501352569406,No,-0.05917858927811523,-0.07395099728874494,0.4955759942002664,0.14833483141313902,0.15566350786039534,0.9431813007087159,0.05189244206407814,0.7239047002506905,-0.3900565995853344,USA,Oldsmobile Cutlass_Ciera
Oldsmobile,Silhouette,Van,0.2896364716908869,-0.012044990890666895,-0.18488361262842193,-0.7662718436638856,-1.130469015923792,Driver only,Front,6,1.094017384572199,0.49737739871040454,-0.7954500436790682,-1.413719019567331,No,1.0303231844259277,1.8487749322186302,-0.1240831496928918,0.8779818399858756,1.2453080628831665,1.562888870127439,0.8951446256053509,0.007868529350550957,1.0411994714737547,USA,Oldsmobile Silhouette
Oldsmobile,Eighty-Eight,Large,0.2896364716908869,0.11204114168110561,0.04512824153305515,-0.22988155309916553,-0.17970487129287638,Driver only,Front,6,1.094017384572199,0.49737739871040454,-0.7954500436790682,-1.6675051726772316,No,0.4077507423093317,0.8874119674649427,1.2529371700696819,1.023911241700423,1.2453080628831665,0.9431813007087159,1.23244549902186,1.0819227857007605,0.616159789765298,USA,Oldsmobile Eighty-Eight
Plymouth,Laser,Sporty,-0.6613258591926441,-0.5394110543207004,-0.38614398501971464,-0.22988155309916553,0.20060078655948985,Driver only,4WD,4,-0.8353543595376881,-1.0236845470226634,-0.46110383594329346,0.003253668629613888,Yes,-0.2459503219130939,-1.0353139620424325,-0.6748912775979213,-1.0191003823032396,-0.6615699084066831,0.013619946580631228,-1.1286606148937037,-2.140239983349868,-0.8237705605123311,USA,Plymouth Laser
Pontiac,LeMans,Small,-0.28563703711519983,-1.097798650893677,-1.1049310292743306,1.5580860821165678,2.292281904747504,Driver only,Front,4,-1.028291533948677,-1.374698842191833,0.5419347872640308,1.631714817751476,Yes,-1.086423118770499,-1.0353139620424325,-0.39948721364540657,-0.727241578874145,-0.933981047162376,-1.2257951922568149,-0.7913597414771947,1.0819227857007605,-1.3268787551876473,USA,Pontiac LeMans
Pontiac,Sunbird,Compact,-0.8961313729910468,-0.880647918893075,-0.8270000388292124,-0.22988155309916553,0.39075361548567294,Driver only,Front,4,-0.6424171851266994,-0.6726702518534938,-0.1267576282075187,0.6482934744506111,Yes,-0.46385067665390284,-0.07395099728874494,-0.1240831496928918,-0.4353827754450503,-0.933981047162376,0.013619946580631228,-0.9600101781854492,-0.35014955609951887,0.04365736134166231,USA,Acura Integra
Pontiac,Firebird,Midsize,-0.3560786912547206,-0.19817418974832585,-0.002790894750585935,-0.5874750801423122,-0.17970487129287638,Driver & Passenger,Rear,6,-0.2565428363047221,0.3023694569497548,-1.129796251414843,-1.1705072895036763,Yes,-0.3704648103364132,-1.0353139620424325,0.9086820901290386,-0.4353827754450503,1.5177192016388594,1.2530350854180774,-0.9600101781854492,-0.35014955609951887,0.21714294571246098,USA,Pontiac Firebird
Pontiac,Grand_Prix,Midsize,-0.19171483159583866,-0.11545010136714405,0.01637675976287077,-0.5874750801423122,-0.3698577002190595,Driver only,Front,6,0.7081430357502215,1.0824012239923537,-0.46110383594329346,-0.9907420977174967,Yes,-0.05917858927811523,-0.07395099728874494,0.8398310741409099,0.586123036556781,0.700485785371781,0.6333275159993543,0.2205428787723327,0.7239047002506905,0.5814626728911383,USA,Pontiac Grand_Prix
Pontiac,Bonneville,Large,0.2778961960009666,0.494640050444071,0.7639152857876714,-0.5874750801423122,-0.17970487129287638,Driver & Passenger,Front,6,1.094017384572199,0.49737739871040454,-0.7954500436790682,-1.6780795957234775,No,0.4077507423093317,0.8874119674649427,-0.39948721364540657,1.023911241700423,1.2453080628831665,1.2530350854180774,0.8951446256053509,1.4399408711508301,0.6595311858579976,USA,Pontiac Bonneville
Saab,900,Compact,0.38355867721024806,0.9392820254929228,1.5018699845557444,-0.4086783166207389,-0.5600105291452426,Driver only,Front,4,-0.545948597921205,-0.08764642657154466,1.2106272027355802,1.1664402037166581,Yes,0.4077507423093317,-0.07395099728874494,-0.1240831496928918,-0.727241578874145,-0.6615699084066831,-0.6060876228380919,-0.4540588680606855,0.007868529350550957,-0.589565021611753,non-USA,Saab 900
Subaru,Justy,Small,-1.1426771624793697,-1.1598417171795632,-1.1432663383012436,1.9156796091597146,1.5316705890427715,Driver only,4WD,3,-1.4141658827706545,-1.394199636367898,0.5419347872640308,1.0924192423929373,Yes,-2.331568003003691,-1.0353139620424325,-2.533868709277396,-2.040606194305071,-2.568447879696533,-2.1553565463849,-1.465961488310213,-1.4242038124497283,-1.8560097875185833,non-USA,Subaru Justy
Subaru,Loyale,Small,-0.7669883404019254,-0.9013289409883704,-0.9707574476801356,0.4853055009871278,0.20060078655948985,Driver only,4WD,4,-0.8353543595376881,-1.0626861353747934,-0.1267576282075187,2.149861547017523,Yes,-0.2459503219130939,-0.07395099728874494,-0.5371892456216639,-1.0191003823032396,-1.2063921859180688,-1.2257951922568149,-0.11675799464417642,0.3658866148006208,-1.0839989370685292,non-USA,Subaru Loyale
Subaru,Legacy,Compact,-0.08605235038655738,-0.012044990890666895,0.12179885958688096,0.12771197394398115,0.20060078655948985,Driver only,4WD,4,-0.44948001071571053,-0.2826543683321944,-0.1267576282075187,-0.060192869647861254,Yes,-0.2459503219130939,-0.07395099728874494,-0.26178518166914916,-0.28945337373050295,-0.6615699084066831,-0.6060876228380919,-0.285408431352431,0.007868529350550957,-0.05175971006227697,non-USA,Subaru Legacy
Suzuki,Swift,Midsize,-1.1426771624793697,-1.1391606950842679,-0.21842700802697082,2.9884601902891545,2.6725875625998703,Driver only,Front,3,-1.31769729556516,-1.4527020188960929,1.2106272027355802,2.1181382778787854,Yes,-1.8957672935220735,-1.0353139620424325,-1.5011034694554655,-1.602817989161429,-0.11674763089529748,-1.5356489769661765,-0.11675799464417642,-1.4242038124497283,-1.9947982550152223,non-USA,Suzuki Swift
Toyota,Tercel,Small,-0.28563703711519983,-1.0150745625124953,-0.9228383113964945,1.736882845638141,1.5316705890427715,Driver only,Front,4,-1.1247601211541713,-1.218692488783313,-0.1267576282075187,2.4247965462199152,Yes,-1.4910952061462859,-0.07395099728874494,-1.4322524534673369,-1.4568885874468815,-0.11674763089529748,-0.9159414075474535,-1.2973110516019584,-1.0661857269996584,-1.8386612290815034,non-USA,Toyota Tercel
Toyota,Celica,Sporty,-0.3325981398748804,-0.12579061241479192,0.11221503233015294,0.4853055009871278,0.580906444411856,Driver only,Front,4,-0.44948001071571053,-0.18515039745186954,-0.1267576282075187,0.0984234760458266,Yes,-0.2459503219130939,-1.0353139620424325,-0.6060402616097926,-0.727241578874145,-0.11674763089529748,0.013619946580631228,-1.6346119250184674,-0.35014955609951887,-0.2859652489628552,non-USA,Toyota Celica
Toyota,Previa,Van,-0.28563703711519983,0.31885136263405994,0.4955681225992816,-0.7662718436638856,-1.3206218448499751,Driver only,4WD,4,-0.2565428363047221,-0.1266480149236746,-0.46110383594329346,0.33106078306323544,Yes,0.9680659402142684,1.8487749322186302,0.2890229462358803,1.3157700451295176,0.4280746466160882,0.6333275159993543,2.412998555979642,0.007868529350550957,1.1626393805333137,non-USA,Toyota Previa
Volkswagen,Fox,Small,-0.9783133028204879,-1.0874581398460292,-1.1432663383012436,0.4853055009871278,0.7710592733380391,Driver only,Front,4,-0.8353543595376881,-1.238193282959378,0.3747616833961434,0.4050817443869565,Yes,-1.335452095617137,-1.0353139620424325,-1.3634014374792083,-1.602817989161429,-1.7512144634294544,-1.5356489769661765,-0.6227093047689402,-1.4242038124497283,-1.517712897995526,non-USA,Volkswagen Fox
Volkswagen,Eurovan,Van,-0.05083152331679689,0.008636031204628462,0.12179885958688096,-0.9450686071854589,-1.510774673776158,Driver only,Front,5,-0.16007424909922763,-0.6921710460295588,-1.2969693552827304,1.177014626762904,Yes,1.372738027590056,1.8487749322186302,0.2890229462358803,1.6076288485586123,0.700485785371781,-0.29623383812873033,2.075697682563133,0.007868529350550957,1.4662391531822114,USA,Volkswagen Eurovan
Volkswagen,Passat,Compact,0.06657123358240447,0.03965756434757168,0.09304737781669624,-0.22988155309916553,0.20060078655948985,Driver only,Front,4,-0.6424171851266994,-0.2046511916279345,0.8762809949998055,0.6905911666355946,Yes,0.5633938528384808,-0.07395099728874494,-0.19293416568102048,-0.14352397201595565,-0.6615699084066831,-1.2257951922568149,1.23244549902186,0.007868529350550957,-0.22524529443307564,non-USA,Volkswagen Passat
Volkswagen,Corrado,Sporty,0.6888058451481713,0.38089442891994635,0.21763713215416314,-0.7662718436638856,-0.7501633580714258,Driver only,Front,6,0.1293315125172553,0.6533837521189243,0.8762809949998055,0.05612578386084317,Yes,0.5633938528384808,-1.0353139620424325,-1.6388055014317229,-1.0191003823032396,-0.933981047162376,-0.9159414075474535,-0.6227093047689402,0.3658866148006208,-0.5288450670819733,non-USA,Volkswagen Corrado
Volvo,240,Compact,0.5596628125590501,0.31885136263405994,0.19846947764070677,-0.22988155309916553,-0.17970487129287638,Driver only,Rear,4,-0.3530114235102165,-0.594667075149234,0.20758857952825605,-0.30340459971151595,Yes,-0.2770789440189236,-0.07395099728874494,0.4955759942002664,0.0024054296985916903,-0.6615699084066831,-0.6060876228380919,0.5578437521888419,0.007868529350550957,-0.22524529443307564,non-USA,Volvo 240
Chevrolet,850,Midsize,0.9118710832566542,0.7324718045399685,0.6776608404771176,-0.4086783166207389,-0.17970487129287638,Driver & Passenger,Front,5,-0.2565428363047221,0.45837581035827457,1.544973410471355,0.0244025147221056,Yes,0.8124228296851194,-0.07395099728874494,0.08246989827149427,0.14833483141313902,-0.11674763089529748,-0.29623383812873033,0.7264941888970964,0.3658866148006208,0.22581722493100093,non-USA,Volvo 850
